<?xml version="1.0" encoding="utf-8" standalone="yes" ?>
<Window size="30,322" mininfo="30,362" layeredimage="file=&apos;gaga\right_toolbar_buttons.png&apos; scale9=&apos;1,238,20,12&apos;" >
    <Font name="微软雅黑" size="10" bold="false" italic="false" />
    <HorizontalLayout name="mainrightbar" bkcolor="#FF14181F">
        <VerticalLayout name="rightbar_button">
            <Button name="fullscreenbtn" tooltip="@UI.Tooltip.FullScreen" padding="0,2,0,0" width="30" height="30" textcolor="#FF000000" disabledtextcolor="#FFA7A6AA" align="center" normalimage="file=&apos;gaga\vbar_fullscreen.png&apos; source=&apos;0,0,30,30&apos; mask=&apos;0xffff00ff&apos;" hotimage="file=&apos;gaga\vbar_fullscreen.png&apos; source=&apos;30,0,60,30&apos; mask=&apos;0xffff00ff&apos;" pushedimage="file=&apos;gaga\vbar_fullscreen.png&apos; source=&apos;60,0,90,30&apos; mask=&apos;0xffff00ff&apos;" />
            <Button name="keyboardsettingbtn" tooltip="@UI.Tooltip.KeyboardSetting" width="30" height="30" padding="0,2,0,0" textcolor="#FF000000" disabledtextcolor="#FFA7A6AA" align="center" normalimage="file=&apos;gaga\vbar_keyboard.png&apos; source=&apos;0,0,30,30&apos; mask=&apos;0xffff00ff&apos;" hotimage="file=&apos;gaga\vbar_keyboard.png&apos; source=&apos;30,0,60,30&apos; mask=&apos;0xffff00ff&apos;" pushedimage="file=&apos;gaga\vbar_keyboard.png&apos; source=&apos;60,0,90,30&apos; mask=&apos;0xffff00ff&apos;" />
            <Button name="installapkbtn" tooltip="@UI.Tooltip.InstallApk" width="30" height="30" padding="0,2,0,0" textcolor="#FF000000" disabledtextcolor="#FFA7A6AA" align="center" normalimage="file=&apos;gaga\vbar_installapk.png&apos; source=&apos;0,0,30,30&apos; mask=&apos;0xffff00ff&apos;" hotimage="file=&apos;gaga\vbar_installapk.png&apos; source=&apos;30,0,60,30&apos; mask=&apos;0xffff00ff&apos;" pushedimage="file=&apos;gaga\vbar_installapk.png&apos; source=&apos;60,0,90,30&apos; mask=&apos;0xffff00ff&apos;" />
            <Button name="soundIncreasebtn" tooltip="@UI.Tooltip.IncreaseVolume" width="30" height="30" padding="0,2,0,0" textcolor="#FF000000" disabledtextcolor="#FFA7A6AA" align="center" normalimage="file=&apos;gaga\vbar_sound_increase.png&apos; source=&apos;0,0,30,30&apos; mask=&apos;0xffff00ff&apos;" hotimage="file=&apos;gaga\vbar_sound_increase.png&apos; source=&apos;30,0,60,30&apos; mask=&apos;0xffff00ff&apos;" pushedimage="file=&apos;gaga\vbar_sound_increase.png&apos; source=&apos;60,0,90,30&apos; mask=&apos;0xffff00ff&apos;" />
            <Button name="soundDecreasebtn" tooltip="@UI.Tooltip.DecreaseVolume" width="30" height="30" padding="0,2,0,0" textcolor="#FF000000" disabledtextcolor="#FFA7A6AA" align="center" normalimage="file=&apos;gaga\vbar_sound_decrease.png&apos; source=&apos;0,0,30,30&apos; mask=&apos;0xffff00ff&apos;" hotimage="file=&apos;gaga\vbar_sound_decrease.png&apos; source=&apos;30,0,60,30&apos; mask=&apos;0xffff00ff&apos;" pushedimage="file=&apos;gaga\vbar_sound_decrease.png&apos; source=&apos;60,0,90,30&apos; mask=&apos;0xffff00ff&apos;" />
            <Button name="printscreenbtn" tooltip="@UI.Tooltip.CaptureScreen" width="30" height="30" padding="0,2,0,0" textcolor="#FF000000" disabledtextcolor="#FFA7A6AA" align="center" normalimage="file=&apos;gaga\vbar_screenshot.png&apos; source=&apos;0,0,30,30&apos; mask=&apos;0xffff00ff&apos;" hotimage="file=&apos;gaga\vbar_screenshot.png&apos; source=&apos;30,0,60,30&apos; mask=&apos;0xffff00ff&apos;" pushedimage="file=&apos;gaga\vbar_screenshot.png&apos; source=&apos;60,0,90,30&apos; mask=&apos;0xffff00ff&apos;" />
            <Button name="multiinstancebtn" tooltip="@UI.Tooltip.MultiInstance" visible="true" padding="0,2,0,0" width="30" height="30" textcolor="#FF000000" disabledtextcolor="#FFA7A6AA" align="center" normalimage="file=&apos;gaga\vbar_multiplay.png&apos; source=&apos;0,0,30,30&apos; mask=&apos;0xffff00ff&apos;" hotimage="file=&apos;gaga\vbar_multiplay.png&apos; source=&apos;30,0,60,30&apos; mask=&apos;0xffff00ff&apos;" pushedimage="file=&apos;gaga\vbar_multiplay.png&apos; source=&apos;60,0,90,30&apos; mask=&apos;0xffff00ff&apos;" />
            <Button name="locationbtn" tooltip="@UI.Tooltip.GPS" width="30" height="30" padding="0,2,0,0" textcolor="#FF000000" disabledtextcolor="#FFA7A6AA" align="center" normalimage="file=&apos;gaga\vbar_location.png&apos; source=&apos;0,0,30,30&apos; mask=&apos;0xffff00ff&apos;" hotimage="file=&apos;gaga\vbar_location.png&apos; source=&apos;30,0,60,30&apos; mask=&apos;0xffff00ff&apos;" pushedimage="file=&apos;gaga\vbar_location.png&apos; source=&apos;60,0,90,30&apos; mask=&apos;0xffff00ff&apos;"/>
            <Button name="rockphonebtn" tooltip="@UI.Tooltip.Shake" padding="0,2,0,0" width="30" height="30" textcolor="#FF000000" disabledtextcolor="#FFA7A6AA" align="center" normalimage="file=&apos;gaga\vbar_rock.png&apos; source=&apos;0,0,30,30&apos; mask=&apos;0xffff00ff&apos;" hotimage="file=&apos;gaga\vbar_rock.png&apos; source=&apos;30,0,60,30&apos; mask=&apos;0xffff00ff&apos;" pushedimage="file=&apos;gaga\vbar_rock.png&apos; source=&apos;60,0,90,30&apos; mask=&apos;0xffff00ff&apos;" />
            <Button name="settingbtn" tooltip="@UI.Tooltip.Settings" padding="0,2,0,0" width="30" height="30" textcolor="#FF000000" disabledtextcolor="#FFA7A6AA" align="center" normalimage="file=&apos;gaga\vbar_setting.png&apos; source=&apos;0,0,30,30&apos; mask=&apos;0xffff00ff&apos;" hotimage="file=&apos;gaga\vbar_setting.png&apos; source=&apos;30,0,60,30&apos; mask=&apos;0xffff00ff&apos;" pushedimage="file=&apos;gaga\vbar_setting.png&apos; source=&apos;60,0,90,30&apos; mask=&apos;0xffff00ff&apos;" />
            <Button name="more_tools" tooltip="@UI.Tooltip.MoreTools" width="30" height="30" padding="0,2,0,0" textcolor="#FF000000" disabledtextcolor="#FFA7A6AA" align="center" normalimage="file=&apos;gaga\vbar_more.png&apos; source=&apos;0,0,30,30&apos; mask=&apos;0xffff00ff&apos;" hotimage="file=&apos;gaga\vbar_more.png&apos; source=&apos;30,0,60,30&apos; mask=&apos;0xffff00ff&apos;" pushedimage="file=&apos;gaga\vbar_more.png&apos; source=&apos;60,0,90,30&apos; mask=&apos;0xffff00ff&apos;" visible="false" enable="false"/>
            <Button name="sharefolderbtn" tooltip="@UI.Tooltip.ShareFolder" padding="0,2,0,0" width="30" height="30" textcolor="#FF000000" disabledtextcolor="#FFA7A6AA" align="center" normalimage="file=&apos;gaga\vbar_sharedfolder.png&apos; source=&apos;0,0,30,30&apos; mask=&apos;0xffff00ff&apos;" hotimage="file=&apos;gaga\vbar_sharedfolder.png&apos; source=&apos;30,0,60,30&apos; mask=&apos;0xffff00ff&apos;" pushedimage="file=&apos;gaga\vbar_sharedfolder.png&apos; source=&apos;60,0,90,30&apos; mask=&apos;0xffff00ff&apos;" visible="false"/>
        </VerticalLayout>
    </HorizontalLayout>
</Window>
