<?xml version="1.0" encoding="utf-8" standalone="yes" ?>
<Window size="690,592" caption="0,0,0,40"> 
    <Font id="0" name="微软雅黑" size="12" bold="false" italic="false" />
    <Font id="1" name="微软雅黑" size="14" bold="false" italic="false" default="true" />
    <Font id="2" name="微软雅黑" size="16" bold="false" italic="false" />
    <Font id="3" name="微软雅黑" size="10" bold="false" italic="false" /> 
    <Default name="VScrollBar" value="button1normalimage=&quot;file=&apos;gaga/ScrollBar_up.png&apos; &quot; button1hotimage=&quot;file=&apos;gaga/ScrollBar_up.png&apos; &quot; button1pushedimage=&quot;file=&apos;gaga/ScrollBar_up.png&apos; &quot; button1disabledimage=&quot;file=&apos;gaga/ScrollBar_up.png&apos; &quot; button2normalimage=&quot;file=&apos;gaga/ScrollBar_down.png&apos; &quot; button2hotimage=&quot;file=&apos;gaga/ScrollBar_down.png&apos; &quot; button2pushedimage=&quot;file=&apos;gaga/ScrollBar_down.png&apos; &quot; button2disabledimage=&quot;file=&apos;gaga/ScrollBar_down.png&apos; &quot; thumbnormalimage=&quot;file=&apos;gaga/ScrollBar_thumb.png&apos; corner=&apos;2,2,2,2&apos;&quot; thumbhotimage=&quot;file=&apos;gaga/ScrollBar_thumb.png&apos; corner=&apos;2,2,2,2&apos; &quot; thumbpushedimage=&quot;ffile=&apos;gaga/ScrollBar_thumb.png&apos; corner=&apos;2,2,2,2&apos; &quot; thumbdisabledimage=&quot;file=&apos;gaga/ScrollBar_thumb.png&apos; source=&apos;0,64,16,80&apos; corner=&apos;2,2,2,2&apos; mask=&apos;#FFFF00FF&apos;&quot; railnormalimage=&quot;file=&apos;scroll.png&apos; source=&apos;0,80,16,96&apos; corner=&apos;2,2,2,2&apos; mask=&apos;#FFFF00FF&apos;&quot; railhotimage=&quot;file=&apos;scroll.png&apos; source=&apos;0,80,16,96&apos; corner=&apos;2,2,2,2&apos; mask=&apos;#FFFF00FF&apos;&quot; railpushedimage=&quot;file=&apos;scroll.png&apos; source=&apos;0,96,16,112&apos; corner=&apos;2,2,2,2&apos; mask=&apos;#FFFF00FF&apos;&quot; raildisabledimage=&quot;file=&apos;scroll.png&apos; source=&apos;0,80,16,96&apos; corner=&apos;2,2,2,2&apos; mask=&apos;#FFFF00FF&apos;&quot; bknormalimage=&quot;file=&apos;scroll.png&apos; source=&apos;0,128,16,146&apos; corner=&apos;2,2,2,2&apos; mask=&apos;#FFFF00FF&apos;&quot; bkhotimage=&quot;file=&apos;scroll.png&apos; source=&apos;0,128,16,146&apos; corner=&apos;2,2,2,2&apos; mask=&apos;#FFFF00FF&apos;&quot; bkpushedimage=&quot;file=&apos;scroll.png&apos; source=&apos;0,128,16,146&apos; corner=&apos;2,2,2,2&apos; mask=&apos;#FFFF00FF&apos;&quot; bkdisabledimage=&quot;file=&apos;scroll.png&apos; source=&apos;0,128,16,146&apos; corner=&apos;2,2,2,2&apos; mask=&apos;#FFFF00FF&apos;&quot; thumbminsize=&quot;10&quot;" />
    <Default name="HScrollBar" value="button1normalimage=&quot;file='scrollbar.png' source='0,0,16,16' mask='#FFFF00FF'&quot; button1hotimage=&quot;file='scrollbar.png' source='18,0,34,16' mask='#FFFF00FF'&quot; button1pushedimage=&quot;file='scrollbar.png' source='36,0,52,16' mask='#FFFF00FF'&quot; button1disabledimage=&quot;file='scrollbar.png' source='54,0,70,16' mask='#FFFF00FF'&quot; button2normalimage=&quot;file='scrollbar.png' source='0,18,16,34' mask='#FFFF00FF'&quot; button2hotimage=&quot;file='scrollbar.png' source='18,18,34,34' mask='#FFFF00FF'&quot; button2pushedimage=&quot;file='scrollbar.png' source='36,18,52,34' mask='#FFFF00FF'&quot; button2disabledimage=&quot;file='scrollbar.png' source='54,18,70,34' mask='#FFFF00FF'&quot; thumbnormalimage=&quot;file='scrollbar.png' source='0,36,16,52' corner='2,2,2,2' mask='#FFFF00FF'&quot; thumbhotimage=&quot;file='scrollbar.png' source='18,36,34,52' corner='2,2,2,2' mask='#FFFF00FF'&quot; thumbpushedimage=&quot;file='scrollbar.png' source='36,36,52,52' corner='2,2,2,2' mask='#FFFF00FF'&quot; thumbdisabledimage=&quot;file='scrollbar.png' source='54,36,70,52' corner='2,2,2,2' mask='#FFFF00FF'&quot; railnormalimage=&quot;file='scrollbar.png' source='0,54,16,70' corner='2,2,2,2' mask='#FFFF00FF'&quot; railhotimage=&quot;file='scrollbar.png' source='18,54,34,70' corner='2,2,2,2' mask='#FFFF00FF'&quot; railpushedimage=&quot;file='scrollbar.png' source='36,54,52,70' corner='2,2,2,2' mask='#FFFF00FF'&quot; raildisabledimage=&quot;file='scrollbar.png' source='54,54,70,70' corner='2,2,2,2' mask='#FFFF00FF'&quot; bknormalimage=&quot;file='scrollbar.png' source='0,72,16,88' corner='2,2,2,2' mask='#FFFF00FF'&quot; bkhotimage=&quot;file='scrollbar.png' source='18,72,34,88' corner='2,2,2,2' mask='#FFFF00FF'&quot; bkpushedimage=&quot;file='scrollbar.png' source='36,72,52,88' corner='2,2,2,2' mask='#FFFF00FF'&quot; bkdisabledimage=&quot;file='scrollbar.png' source='54,72,70,88' corner='2,2,2,2' mask='#FFFF00FF'&quot; " />
    <VerticalLayout name="soundsettingcontainer" bkimage="file=&apos;windowbg_bold.png&apos; corner=&apos;4,4,4,4&apos; mask=&apos;0xffff00ff&apos;">
        <HorizontalLayout height="42" bkcolor="#FF1A1b24">
            <Label padding="10,8,0,0" width="30" height="30" bkimage="file=&apos;gaga\vbar_setting.png&apos; source=&apos;0,0,30,30&apos; mask=&apos;0xffff00ff&apos;"  />
            <Label text="@UI.SettingsTitle" textpadding="10,0,0,0" textcolor="#00C9C9C9" disabledtextcolor="#FFA7A6AA" font="1"     />
            <Control />
            <Button name="closebtn" padding="0,3,4,0" width="34" height="34" align="center" normalimage="file=&apos;title_close_btn_s.png&apos; source=&apos;0,0,34,34&apos; mask=&apos;0xffff00ff&apos;" hotimage="file=&apos;title_close_btn_s.png&apos; source=&apos;34,0,68,34&apos;" pushedimage="file=&apos;title_close_btn_s.png&apos; source=&apos;68,0,102,34&apos;" />
        </HorizontalLayout>
        <HorizontalLayout padding="1,0,0,0" vscrollbar="true" hscrollbar="true">
            <VerticalLayout width="150" bkcolor="#FF12131a" name="maintab_opt">
                    <Option name="basicsettingbtn" text="@UI.BasicSettings" height="50" padding="0,0,0,0" textcolor="#00FFFFFF" align="left" textpadding="38,0,0,0" selectedbkcolor="#FF152636" disabledtextcolor="#00C0C0C0" font="1"     selectedtextcolor="#FF009dE5" group="maintabgroup" />
                    <Option name="advancedsettingbtn" text="@UI.AdvancedSettings" height="50" padding="0,0,0,0" textcolor="#00FFFFFF" align="left" textpadding="38,0,0,0" selectedbkcolor="#FF152636" disabledtextcolor="#FFA7A6AA" font="1"  selectedtextcolor="#FF009dE5" group="maintabgroup" />
                    <Option name="propertysettingbtn" text="@UI.PropertiesSettings" height="50" padding="0,0,0,0" textcolor="#00FFFFFF" align="left" textpadding="38,0,0,0" selectedbkcolor="#FF152636" disabledtextcolor="#FFA7A6AA" font="1"  selectedtextcolor="#FF009dE5" group="maintabgroup" visible="false" />
                    <Option name="gamesettingbtn" text="@UI.GamesSettings" height="50" padding="0,0,0,0" textcolor="#00FFFFFF" align="left" textpadding="38,0,0,0" selectedbkcolor="#FF152636" disabledtextcolor="#FFA7A6AA" font="1"  selectedtextcolor="#FF009dE5" group="maintabgroup"  />
                    <!-- <Control name="tabBgForBtn" float="true" pos="0,0,0,0" width="6" height="50" bkcolor="#FF0087C7" /> -->
            </VerticalLayout>
            <VerticalLayout >
                <TabLayout name="maintab">
                    <VerticalLayout name="basicTab">
                        <Control height="16"/>
                        <HorizontalLayout height="24" padding="14,30,0,0" >
                            <Label text="@UI.ImproveLabel" width="160" height="24" padding="50,0,0,0" align="left" textcolor="#00FFFFFF" disabledtextcolor="#FFA7A6AA" font="0"  />
                            <Option name="improveOpt" height="18" padding="5,4,0,0" text="@UI.ImproveText"  textpadding="24,0,0,0" textcolor="#00FFFFFF" disabledtextcolor="#FFA7A6AA" normalimage="file=&apos;checkbox_unselected.png&apos;  dest=&apos;0,0,18,18&apos; source=&apos;0,0,18,18&apos; corner=&apos;4,4,4,4&apos; mask=&apos;0xffff00ff&apos;" hotimage="file=&apos;checkbox_unselected.png&apos; dest=&apos;0,0,18,18&apos;  source=&apos;18,0,36,18&apos; corner=&apos;4,4,4,4&apos; mask=&apos;0xffff00ff&apos;" hottextcolor="#FFFFFFFF" selectedimage="file=&apos;checkbox_selected.png&apos;  dest=&apos;0,0,18,18&apos; source=&apos;0,0,18,18&apos; corner=&apos;4,4,4,4&apos; mask=&apos;0xffff00ff&apos;" selectedhotimage="file=&apos;checkbox_selected.png&apos; dest=&apos;0,0,18,18&apos;  source=&apos;18,0,36,18&apos; corner=&apos;4,4,4,4&apos; mask=&apos;0xffff00ff&apos;" align="left" font="0"  />
                        </HorizontalLayout>
                        <HorizontalLayout height="28" padding="14,30,0,0">
                            <Label text="@UI.ExitOptionsLabel" width="120" height="28" padding="50,0,0,0" align="left" textcolor="#00FFFFFF" disabledtextcolor="#FFA7A6AA" font="0"  />
                            <Combo name="quitcombo" padding="45,0,0,0" width="192" height="28" itemtextpadding="8,0,0,0" itemtextcolor="#FFb5b4b4" itemselectedtextcolor="#FFFFFFFF" itemselectedbkcolor="#FFC1E3FF" itemhottextcolor="#FFFFFFFF" itemhotbkcolor="#FFE9F5FF" itemdisabledtextcolor="#FFCCCCCC" itemdisabledbkcolor="#FFFFFFFF" itembkimage="file=&apos;combo_itemback.png&apos; source=&apos;0,0,24,24&apos; corner=&apos;4,4,4,4&apos;" itemselectedimage="file=&apos;combo_itemback.png&apos; source=&apos;24,0,48,24&apos; corner=&apos;4,4,4,4&apos;" itemhotimage="file=&apos;combo_itemback.png&apos; source=&apos;24,0,48,24&apos; corner=&apos;4,4,4,4&apos;" normalimage="file=&apos;combo_background.png&apos; source=&apos;0,0,34,28&apos; corner=&apos;4,4,29,4&apos;" hotimage="file=&apos;combo_background.png&apos; source=&apos;34,0,68,28&apos; corner=&apos;4,4,29,4&apos;" pushedimage="file=&apos;combo_background.png&apos; source=&apos;68,0,102,28&apos; corner=&apos;4,4,29,4&apos;" disabledimage="file=&apos;combo_background.png&apos; source=&apos;102,0,136,28&apos; corner=&apos;4,4,29,4&apos;" dropboxsize="0,140">   
                                <ListLabelElement text="@UI.ExitOptions.ShowWarning" selected="true"/>
                                <ListLabelElement text="@UI.ExitOptions.Directly"/>
                                <ListLabelElement text="@UI.ExitOptions.MinimizeToTry"/>
                            </Combo>
                        </HorizontalLayout>
                        <HorizontalLayout height="28" padding="14,26,0,0">
                            <Label text="@UI.LanguageLabel" width="120" height="28" padding="50,0,0,0" align="left" textcolor="#00FFFFFF" disabledtextcolor="#FFA7A6AA" font="0"  />
                            <Combo name="languageCombo" padding="45,0,0,0" width="192" height="28"  itemtextpadding="8,0,0,0" itemtextcolor="#FFb5b4b4" itemselectedtextcolor="#FFFFFFFF" itemselectedbkcolor="#FFC1E3FF" itemhottextcolor="#FFFFFFFF" itemhotbkcolor="#FFE9F5FF" itemdisabledtextcolor="#FFCCCCCC" itemdisabledbkcolor="#FFFFFFFF" itembkimage="file=&apos;combo_itemback.png&apos; source=&apos;0,0,24,24&apos; corner=&apos;4,4,4,4&apos;" itemselectedimage="file=&apos;combo_itemback.png&apos; source=&apos;24,0,48,24&apos; corner=&apos;4,4,4,4&apos;" itemhotimage="file=&apos;combo_itemback.png&apos; source=&apos;24,0,48,24&apos; corner=&apos;4,4,4,4&apos;" normalimage="file=&apos;combo_background.png&apos; source=&apos;0,0,34,28&apos; corner=&apos;4,4,29,4&apos;" hotimage="file=&apos;combo_background.png&apos; source=&apos;34,0,68,28&apos; corner=&apos;4,4,29,4&apos;" pushedimage="file=&apos;combo_background.png&apos; source=&apos;68,0,102,28&apos; corner=&apos;4,4,29,4&apos;" disabledimage="file=&apos;combo_background.png&apos; source=&apos;102,0,136,28&apos; corner=&apos;4,4,29,4&apos;" dropboxsize="0,140" />
                        </HorizontalLayout>
                        <HorizontalLayout height="28" padding="14,26,0,0">
                            <Label text="@UI.AndroidVersion" width="120" height="28" padding="50,0,0,0" align="left" textcolor="#00FFFFFF" disabledtextcolor="#FFA7A6AA" font="0"  />
                            <Combo name="AndroidVersionCombo" padding="45,0,0,0" width="192" height="28"  itemtextpadding="8,0,0,0" itemtextcolor="#FFb5b4b4" itemselectedtextcolor="#FFFFFFFF" itemselectedbkcolor="#FFC1E3FF" itemhottextcolor="#FFFFFFFF" itemhotbkcolor="#FFE9F5FF" itemdisabledtextcolor="#FFCCCCCC" itemdisabledbkcolor="#FFFFFFFF" itembkimage="file=&apos;combo_itemback.png&apos; source=&apos;0,0,24,24&apos; corner=&apos;4,4,4,4&apos;" itemselectedimage="file=&apos;combo_itemback.png&apos; source=&apos;24,0,48,24&apos; corner=&apos;4,4,4,4&apos;" itemhotimage="file=&apos;combo_itemback.png&apos; source=&apos;24,0,48,24&apos; corner=&apos;4,4,4,4&apos;" normalimage="file=&apos;combo_background.png&apos; source=&apos;0,0,34,28&apos; corner=&apos;4,4,29,4&apos;" hotimage="file=&apos;combo_background.png&apos; source=&apos;34,0,68,28&apos; corner=&apos;4,4,29,4&apos;" pushedimage="file=&apos;combo_background.png&apos; source=&apos;68,0,102,28&apos; corner=&apos;4,4,29,4&apos;" disabledimage="file=&apos;combo_background.png&apos; source=&apos;102,0,136,28&apos; corner=&apos;4,4,29,4&apos;" dropboxsize="0,140">
                                <ListLabelElement text="@UI.Auto" selected="true"/>
                                <ListLabelElement text="@UI.Android442"/>
                                <ListLabelElement text="@UI.Android712"/>
                            </Combo>
                        </HorizontalLayout>
                        <HorizontalLayout height="28" padding="14,26,0,0">
                            <Label text="@UI.ScreenshotLabel" width="120" height="28" padding="50,0,0,0" align="left" textcolor="#00FFFFFF" disabledtextcolor="#FFA7A6AA" font="0"  />
                            <Edit name="screenshots" font="2" align="left" width="192" height="34"  padding="45,0,0,0" nativebkcolor="#FF133657" textpadding="10,3,4,3" textcolor="#FFFFFFFF" disabledtextcolor="#FFA7A6AA" font="0" normalimage="file=&apos;edit_bg_2.png&apos; source=&apos;0,0,10,10&apos; corner=&apos;4,4,4,4&apos; mask=&apos;0xffff00ff&apos;" hotimage="file=&apos;edit_bg_2.png&apos; source=&apos;10,0,20,10&apos; corner=&apos;4,4,4,4&apos; mask=&apos;0xffff00ff&apos;" focusedimage="file=&apos;edit_bg_2.png&apos; source=&apos;20,0,30,10&apos; corner=&apos;4,4,4,4&apos;" />
                            <Button name="openfolderbtn" tooltip="@UI.Tooltip.Screenshot" padding="0,0,5,0" width="34" height="34" textcolor="#FF000000" disabledtextcolor="#FFA7A6AA" align="center" normalimage="file=&apos;mapping_open_folder.png&apos; source=&apos;0,0,34,34&apos; mask=&apos;0xffff00ff&apos;" hotimage="file=&apos;mapping_open_folder.png&apos; source=&apos;34,0,68,34&apos;" pushedimage="file=&apos;mapping_open_folder.png&apos; source=&apos;68,0,102,34&apos;" />
                        </HorizontalLayout>
                    </VerticalLayout>
                    <VerticalLayout padding="10,0,0,0" name="advanceTab">
                        <Control height="32"/>
                        <VerticalLayout padding="20,0,0,0" height="170" >     
                            <Control width="48" />
                            <HorizontalLayout height="30">
                                <Label text="@UI.ResolutionLabel" width="80" padding="20,1,0,0" height="24" textcolor="#00FFFFFF" disabledtextcolor="#FFA7A6AA" font="0" align="left"/>
                                <Option name="tabletSolutionOpt"  text="@UI.ResolutionTablet" width="80" height="29" padding="50,0,0,0" textcolor="#00FFFFFF" disabledtextcolor="#FFA7A6AA" align="center" normalimage="file=&apos;phone_tab_left.png&apos; source=&apos;0,0,24,28&apos; corner=&apos;4,4,4,4&apos; mask=&apos;0xffff00ff&apos;" group="solutiongroup" selected="true" selectedimage="file=&apos;phone_tab_left.png&apos; source=&apos;23,0,48,28&apos; corner=&apos;4,4,4,4&apos; mask=&apos;0xffff00ff&apos;" />
                                <Option name="phoneSolutionOpt"  text="@UI.ResolutionPhone" width="80" height="29" textcolor="#00FFFFFF" disabledtextcolor="#FFA7A6AA" align="center" normalimage="file=&apos;phone_tab_mid.png&apos; source=&apos;0,0,24,28&apos; corner=&apos;4,4,4,4&apos; mask=&apos;0xffff00ff&apos;" group="solutiongroup" selectedimage="file=&apos;phone_tab_mid.png&apos; source=&apos;24,0,48,28&apos; corner=&apos;4,4,4,4&apos; mask=&apos;0xffff00ff&apos;" selected="true"/>
                                <Option name="definedSolutionOpt"  text="@UI.ResolutionCustomize" width="80" height="29" textcolor="#00FFFFFF" disabledtextcolor="#FFA7A6AA" align="center" normalimage="file=&apos;phone_tab_right.png&apos; source=&apos;0,0,24,28&apos; corner=&apos;4,4,4,4&apos; mask=&apos;0xffff00ff&apos;" group="solutiongroup" selectedimage="file=&apos;phone_tab_right.png&apos; source=&apos;24,0,48,28&apos; corner=&apos;4,4,4,4&apos; mask=&apos;0xffff00ff&apos;" />
                            </HorizontalLayout>
                            <TabLayout name="solutionsTab" width="500" height="120" padding="30,8,0,0">
                                <VerticalLayout>
                                    <Option name="opt1920x1080" float="true" pos="120,4,0,0" width="18" height="18" textcolor="#FF000000" disabledtextcolor="#FFA7A6AA" align="center" normalimage="file=&apos;radio_unselected.png&apos; source=&apos;0,0,18,18&apos; corner=&apos;4,4,4,4&apos; mask=&apos;0xffff00ff&apos;" hotimage="file=&apos;radio_unselected.png&apos; source=&apos;18,0,36,18&apos; corner=&apos;4,4,4,4&apos; mask=&apos;0xffff00ff&apos;"  hottextcolor="#FF386382" selectedimage="file=&apos;radio_selected.png&apos; source=&apos;0,0,18,18&apos; corner=&apos;4,4,4,4&apos; mask=&apos;0xffff00ff&apos;" selectedhotimage="file=&apos;radio_selected.png&apos; source=&apos;18,0,36,18&apos; mask=&apos;0xffff00ff&apos;" group="resolution"  />
                                    <Option name="opt1600x900" float="true" pos="120,32,0,0" width="18" height="18" textcolor="#FF000000" disabledtextcolor="#FFA7A6AA" align="center" normalimage="file=&apos;radio_unselected.png&apos; source=&apos;0,0,18,18&apos; corner=&apos;4,4,4,4&apos; mask=&apos;0xffff00ff&apos;" hotimage="file=&apos;radio_unselected.png&apos; source=&apos;18,0,36,18&apos; corner=&apos;4,4,4,4&apos; mask=&apos;0xffff00ff&apos;"  hottextcolor="#FF386382" selectedimage="file=&apos;radio_selected.png&apos; source=&apos;0,0,18,18&apos; corner=&apos;4,4,4,4&apos; mask=&apos;0xffff00ff&apos;" selectedhotimage="file=&apos;radio_selected.png&apos; source=&apos;18,0,36,18&apos; mask=&apos;0xffff00ff&apos;" group="resolution" />
                                    <Option name="opt1280x720" float="true" pos="120,60,0,0" width="18" height="18" textcolor="#FF000000" disabledtextcolor="#FFA7A6AA" align="center" normalimage="file=&apos;radio_unselected.png&apos; source=&apos;0,0,18,18&apos; corner=&apos;4,4,4,4&apos; mask=&apos;0xffff00ff&apos;" hotimage="file=&apos;radio_unselected.png&apos; source=&apos;18,0,36,18&apos; corner=&apos;4,4,4,4&apos; mask=&apos;0xffff00ff&apos;"  hottextcolor="#FF386382" selectedimage="file=&apos;radio_selected.png&apos; source=&apos;0,0,18,18&apos; corner=&apos;4,4,4,4&apos; mask=&apos;0xffff00ff&apos;" selectedhotimage="file=&apos;radio_selected.png&apos; source=&apos;18,0,36,18&apos; mask=&apos;0xffff00ff&apos;" group="resolution"/>
                                    <Option name="opt960x540" float="true" pos="120,88,0,0" width="18" height="18" textcolor="#FF000000" disabledtextcolor="#FFA7A6AA" align="center" normalimage="file=&apos;radio_unselected.png&apos; source=&apos;0,0,18,18&apos; corner=&apos;4,4,4,4&apos; mask=&apos;0xffff00ff&apos;" hotimage="file=&apos;radio_unselected.png&apos; source=&apos;18,0,36,18&apos; corner=&apos;4,4,4,4&apos; mask=&apos;0xffff00ff&apos;"  hottextcolor="#FF386382" selectedimage="file=&apos;radio_selected.png&apos; source=&apos;0,0,18,18&apos; corner=&apos;4,4,4,4&apos; mask=&apos;0xffff00ff&apos;" selectedhotimage="file=&apos;radio_selected.png&apos; source=&apos;18,0,36,18&apos; mask=&apos;0xffff00ff&apos;" group="resolution"  />
                                    <Button name="btn1920x1080" text="1920x1080 (DPI 280)" float="true" pos="142,1,0,0" width="136" height="24" textcolor="#FFb5b4b4" disabledtextcolor="#FFA7A6AA" font="0" />
                                    <Button name="btn1600x900" text="1600x900 (DPI 240)" float="true" pos="140,29,0,0" width="136" height="24" textcolor="#FFb5b4b4" disabledtextcolor="#FFA7A6AA" font="0" />
                                    <Button name="btn1280x720" text="1280x720 (DPI 240)" float="true" pos="140,57,0,0" width="136" height="24" textcolor="#FFb5b4b4" disabledtextcolor="#FFA7A6AA" font="0" />
                                    <Button name="btn960x540" text="960x540 (DPI 160)" float="true" pos="136,85,0,0" width="136" height="24" textcolor="#FFb5b4b4" disabledtextcolor="#FFA7A6AA" font="0" />
                                </VerticalLayout>
                                <VerticalLayout>
                                    <Option name="opt1080x1920" float="true" pos="120,4,0,0" width="18" height="18" textcolor="#FF000000" disabledtextcolor="#FFA7A6AA" align="center" normalimage="file=&apos;radio_unselected.png&apos; source=&apos;0,0,18,18&apos; corner=&apos;4,4,4,4&apos; mask=&apos;0xffff00ff&apos;" hotimage="file=&apos;radio_unselected.png&apos; source=&apos;18,0,36,18&apos; corner=&apos;4,4,4,4&apos; mask=&apos;0xffff00ff&apos;"  hottextcolor="#FF386382" selectedimage="file=&apos;radio_selected.png&apos; source=&apos;0,0,18,18&apos; corner=&apos;4,4,4,4&apos; mask=&apos;0xffff00ff&apos;" selectedhotimage="file=&apos;radio_selected.png&apos; source=&apos;18,0,36,18&apos; mask=&apos;0xffff00ff&apos;" group="resolution" />
                                    <Option name="opt900x1600" float="true" pos="120,32,0,0" width="18" height="18" textcolor="#FF000000" disabledtextcolor="#FFA7A6AA" align="center" normalimage="file=&apos;radio_unselected.png&apos; source=&apos;0,0,18,18&apos; corner=&apos;4,4,4,4&apos; mask=&apos;0xffff00ff&apos;" hotimage="file=&apos;radio_unselected.png&apos; source=&apos;18,0,36,18&apos; corner=&apos;4,4,4,4&apos; mask=&apos;0xffff00ff&apos;"  hottextcolor="#FF386382" selectedimage="file=&apos;radio_selected.png&apos; source=&apos;0,0,18,18&apos; corner=&apos;4,4,4,4&apos; mask=&apos;0xffff00ff&apos;" selectedhotimage="file=&apos;radio_selected.png&apos; source=&apos;18,0,36,18&apos; mask=&apos;0xffff00ff&apos;" group="resolution" />
                                    <Option name="opt720x1280" float="true" pos="120,60,0,0" width="18" height="18" textcolor="#FF000000" disabledtextcolor="#FFA7A6AA" align="center" normalimage="file=&apos;radio_unselected.png&apos; source=&apos;0,0,18,18&apos; corner=&apos;4,4,4,4&apos; mask=&apos;0xffff00ff&apos;" hotimage="file=&apos;radio_unselected.png&apos; source=&apos;18,0,36,18&apos; corner=&apos;4,4,4,4&apos; mask=&apos;0xffff00ff&apos;"  hottextcolor="#FF386382" selectedimage="file=&apos;radio_selected.png&apos; source=&apos;0,0,18,18&apos; corner=&apos;4,4,4,4&apos; mask=&apos;0xffff00ff&apos;" selectedhotimage="file=&apos;radio_selected.png&apos; source=&apos;18,0,36,18&apos; mask=&apos;0xffff00ff&apos;" group="resolution" />
                                    <Option name="opt540x960" float="true" pos="120,88,0,0" width="18" height="18" textcolor="#FF000000" disabledtextcolor="#FFA7A6AA" align="center" normalimage="file=&apos;radio_unselected.png&apos; source=&apos;0,0,18,18&apos; corner=&apos;4,4,4,4&apos; mask=&apos;0xffff00ff&apos;" hotimage="file=&apos;radio_unselected.png&apos; source=&apos;18,0,36,18&apos; corner=&apos;4,4,4,4&apos; mask=&apos;0xffff00ff&apos;"  hottextcolor="#FF386382" selectedimage="file=&apos;radio_selected.png&apos; source=&apos;0,0,18,18&apos; corner=&apos;4,4,4,4&apos; mask=&apos;0xffff00ff&apos;" selectedhotimage="file=&apos;radio_selected.png&apos; source=&apos;18,0,36,18&apos; mask=&apos;0xffff00ff&apos;" group="resolution"  />
                                    <Button name="btn1080x1920" text="1080x1920 (DPI 480)" float="true" pos="142,1,0,0" width="136" height="24" textcolor="#FFb5b4b4" disabledtextcolor="#FFA7A6AA" font="0" />
                                    <Button name="btn900x1600" text="900x1600 (DPI 320)" float="true" pos="140,29,0,0" width="136" height="24" textcolor="#FFb5b4b4" disabledtextcolor="#FFA7A6AA" font="0" />
                                    <Button name="btn720x1280" text="720x1280 (DPI 320)" float="true" pos="140,57,0,0" width="136" height="24" textcolor="#FFb5b4b4" disabledtextcolor="#FFA7A6AA" font="0"/>
                                    <Button name="btn540x960" text="540x960 (DPI 240)" float="true" pos="136,85,0,0" width="136" height="24" textcolor="#FFb5b4b4" disabledtextcolor="#FFA7A6AA" font="0" />
                                </VerticalLayout>
                                <VerticalLayout>
                                    <Label text="@UI.WidthLabel" font="3" height="20" width="120" float="true" pos="120,4,0,0" font="0" textpadding="0,2,0,0" textcolor="#FFFFFFFF" disabledtextcolor="#FFA7A6AA" />
                                    <Edit name="resolutionwidth" font="0" text="1600" width="50" height="24" float="true"  pos="160,4,0,0" textpadding="1,1,1,1" align="center"   textcolor="#FFFFFFFF" disabledtextcolor="#FFA7A6AA" normalimage="file=&apos;combo_itemback.png&apos; source=&apos;0,0,24,24&apos; corner=&apos;4,4,4,4&apos;" hotimage="file=&apos;combo_itemback.png&apos; source=&apos;24,0,48,24&apos; corner=&apos;4,4,4,4&apos;" focusedimage="file=&apos;combo_itemback.png&apos; source=&apos;24,0,48,24&apos; corner=&apos;4,4,4,4&apos;" />
                                    <Label text="@UI.HeightLabel" font="3" height="20" width="120" font="0" float="true"  pos="220,4,0,0" textpadding="4,2,0,0" textcolor="#FFFFFFFF" disabledtextcolor="#FFA7A6AA" />
                                    <Edit name="resolutionheight" font="0" text="900" width="50" height="24" float="true"  pos="270,4,0,0" padding="2,0,0,0" textpadding="1,1,1,1" align="center"   textcolor="#FFFFFFFF" disabledtextcolor="#FFA7A6AA" normalimage="file=&apos;combo_itemback.png&apos; source=&apos;0,0,24,24&apos; corner=&apos;4,4,4,4&apos;" hotimage="file=&apos;combo_itemback.png&apos; source=&apos;24,0,48,24&apos; corner=&apos;4,4,4,4&apos;" focusedimage="file=&apos;combo_itemback.png&apos; source=&apos;24,0,48,24&apos; corner=&apos;4,4,4,4&apos;" />
                                    <Label text="@UI.DPILabel" height="20" font="3" width="120" font="0" float="true" pos="120,50,0,0" textpadding="2,2,0,0" textcolor="#FFFFFFFF" padding="10,0,0,0" disabledtextcolor="#FFA7A6AA" />
                                    <Edit name="resolutiondpi" font="0" text="240" width="50" height="24" float="true"  pos="160,50,0,0" textpadding="1,1,1,1" align="center"   textcolor="#FFFFFFFF" disabledtextcolor="#FFA7A6AA" normalimage="file=&apos;combo_itemback.png&apos; source=&apos;0,0,24,24&apos; corner=&apos;4,4,4,4&apos;" hotimage="file=&apos;combo_itemback.png&apos; source=&apos;24,0,48,24&apos; corner=&apos;4,4,4,4&apos;" focusedimage="file=&apos;combo_itemback.png&apos; source=&apos;24,0,48,24&apos; corner=&apos;4,4,4,4&apos;" />
                                </VerticalLayout>
                            </TabLayout>
                        </VerticalLayout>
                        <VerticalLayout height="30" padding="0,6,0,0">
                            <Label text="@UI.CPULabel" width="85" height="24" padding="40,1,0,0" textcolor="#00FFFFFF" disabledtextcolor="#FFA7A6AA" font="0" align="left" />
                            <Combo name="cpucombo" vscrollbar="true" hscrollBar="true" float="true" pos="170,0,0,0" width="192" height="28" itemtextpadding="8,0,0,0" itemtextcolor="#FFb5b4b4" itemselectedtextcolor="#FFFFFFFF"  itemhottextcolor="#FFFFFFFF" itemdisabledtextcolor="#FFCCCCCC" itemdisabledbkcolor="#FFFFFFFF" itembkimage="file=&apos;combo_itemback.png&apos; source=&apos;0,0,24,24&apos; corner=&apos;4,4,4,4&apos;" itemselectedimage="file=&apos;combo_itemback.png&apos; source=&apos;24,0,48,24&apos; corner=&apos;4,4,4,4&apos;" itemhotimage="file=&apos;combo_itemback.png&apos; source=&apos;24,0,48,24&apos; corner=&apos;4,4,4,4&apos;" normalimage="file=&apos;combo_background.png&apos; source=&apos;0,0,34,28&apos; corner=&apos;4,4,29,4&apos;" hotimage="file=&apos;combo_background.png&apos; source=&apos;34,0,68,28&apos; corner=&apos;4,4,29,4&apos;" pushedimage="file=&apos;combo_background.png&apos; source=&apos;68,0,102,28&apos; corner=&apos;4,4,29,4&apos;" disabledimage="file=&apos;combo_background.png&apos; source=&apos;102,0,136,28&apos; corner=&apos;4,4,29,4&apos;" dropboxsize="0,140" >
                                <ListLabelElement text="@UI.Auto" />
                                <ListLabelElement text="@UI.CPU.1Core" />
                                <ListLabelElement text="@UI.CPU.2Cores" />
                                <ListLabelElement text="@UI.CPU.3Cores" />
                                <ListLabelElement text="@UI.CPU.4Cores" />
                            </Combo>
                        </VerticalLayout >
                        <VerticalLayout height="28" padding="0,6,0,0" >
                            <Default name="VScrollBar" shared="true" thumbnormalimage="file='gaga\sliding_block'" thumbhotimage="file='gaga\sliding_block'"  thumbpushedimage="file='gaga\sliding_block'" thumbdisabledimage="file='gaga\sliding_block'" railnormalimage="file='gaga\sliding_block'" railhotimage="file='gaga\sliding_block'" railpushedimage="file='gaga\sliding_block'"   />
                            <Default name="HScrollBar" shared="true" thumbnormalimage="file='gaga\sliding_block'" thumbhotimage="file='gaga\sliding_block'"  thumbpushedimage="file='gaga\sliding_block'" thumbdisabledimage="file='gaga\sliding_block'" railnormalimage="file='gaga\sliding_block'" railhotimage="file='gaga\sliding_block'" railpushedimage="file='gaga\sliding_block'"   />
                            <Label text="@UI.RAMLabel" width="85" height="24" padding="40,1,0,0" textcolor="#00FFFFFF" disabledtextcolor="#FFA7A6AA" font="0" align="left" />
                            <Combo name="memorycombo" vscrollbar="true" hscrollBar="true" float="true" pos="170,0,0,0" width="192" height="28" itemtextpadding="8,0,0,0" itemtextcolor="#FFb5b4b4" itemselectedtextcolor="#FFFFFFFF" itemselectedbkcolor="#FFC1E3FF" itemhottextcolor="#FFFFFFFF" itemhotbkcolor="#FFE9F5FF" itemdisabledtextcolor="#FFCCCCCC" itemdisabledbkcolor="#FFFFFFFF" itembkimage="file=&apos;combo_itemback.png&apos; source=&apos;0,0,24,24&apos; corner=&apos;4,4,4,4&apos;"  itemhotimage="file=&apos;combo_itemback.png&apos; source=&apos;24,0,48,24&apos; corner=&apos;4,4,4,4&apos;" normalimage="file=&apos;combo_background.png&apos; source=&apos;0,0,34,28&apos; corner=&apos;4,4,29,4&apos;" hotimage="file=&apos;combo_background.png&apos; source=&apos;34,0,68,28&apos; corner=&apos;4,4,29,4&apos;" pushedimage="file=&apos;combo_background.png&apos; source=&apos;68,0,102,28&apos; corner=&apos;4,4,29,4&apos;" focusedimage="file=&apos;combo_dropbtn.png&apos; source=&apos;44,0,66,22&apos;" dropboxsize="0,140" >
                                <ListLabelElement text="@UI.Auto"  />
                                <ListLabelElement text="256M" />
                                <ListLabelElement text="512M" />
                                <ListLabelElement text="768M" />
                                <ListLabelElement text="1024M" />
                                <ListLabelElement text="1536M" />
                                <ListLabelElement text="2048M" />
                                <ListLabelElement text="4096M" />
                            </Combo>
                        </VerticalLayout>
                        <VerticalLayout height="30" padding="0,6,0,0">
                            <Label text="@UI.RendererLabel" width="85" height="24" padding="40,1,0,0" textcolor="#00FFFFFF" disabledtextcolor="#FFA7A6AA" font="0" align="left" />
                            <Combo name="rendererCombo" float="true" pos="170,0,0,0" width="192" height="28" itemtextpadding="8,0,0,0" itemtextcolor="#FFb5b4b4" itemselectedtextcolor="#FFFFFFFF"  itemhottextcolor="#FFFFFFFF" itemdisabledtextcolor="#FFCCCCCC" itemdisabledbkcolor="#FFFFFFFF" itembkimage="file=&apos;combo_itemback.png&apos; source=&apos;0,0,24,24&apos; corner=&apos;4,4,4,4&apos;" itemselectedimage="file=&apos;combo_itemback.png&apos; source=&apos;24,0,48,24&apos; corner=&apos;4,4,4,4&apos;" itemhotimage="file=&apos;combo_itemback.png&apos; source=&apos;24,0,48,24&apos; corner=&apos;4,4,4,4&apos;" normalimage="file=&apos;combo_background.png&apos; source=&apos;0,0,34,28&apos; corner=&apos;4,4,29,4&apos;" hotimage="file=&apos;combo_background.png&apos; source=&apos;34,0,68,28&apos; corner=&apos;4,4,29,4&apos;" pushedimage="file=&apos;combo_background.png&apos; source=&apos;68,0,102,28&apos; corner=&apos;4,4,29,4&apos;" disabledimage="file=&apos;combo_background.png&apos; source=&apos;102,0,136,28&apos; corner=&apos;4,4,29,4&apos;" dropboxsize="0,140" >
                                <ListLabelElement text="OpenGL"/>
                                <ListLabelElement text="DirectX" />
                            </Combo>
                        </VerticalLayout>
                        <VerticalLayout height="30" padding="0,6,0,0">
                            <Label text="@UI.DedicatedGraphicsCardLabel" width="190" height="24" textpadding="40,1,0,0" textcolor="#00FFFFFF" disabledtextcolor="#FFA7A6AA" font="0"  />
                            <Option name="gpuoption" height="18" width="50" float="true" pos="170,4,0,0" textpadding="0,0,0,0" align="left" text="" textcolor="#00FFFFFF" disabledtextcolor="#FFA7A6AA" normalimage="file=&apos;checkbox_unselected.png&apos;  dest=&apos;0,0,18,18&apos; source=&apos;0,0,18,18&apos; corner=&apos;4,4,4,4&apos; mask=&apos;0xffff00ff&apos;" hotimage="file=&apos;checkbox_unselected.png&apos; dest=&apos;0,0,18,18&apos;  source=&apos;18,0,36,18&apos; corner=&apos;4,4,4,4&apos; mask=&apos;0xffff00ff&apos;" hottextcolor="#FFFFFFFF" selectedimage="file=&apos;checkbox_selected.png&apos;  dest=&apos;0,0,18,18&apos; source=&apos;0,0,18,18&apos; corner=&apos;4,4,4,4&apos; mask=&apos;0xffff00ff&apos;" selectedhotimage="file=&apos;checkbox_selected.png&apos; dest=&apos;0,0,18,18&apos;  source=&apos;18,0,36,18&apos; corner=&apos;4,4,4,4&apos; mask=&apos;0xffff00ff&apos;" font="0"  />
                        </VerticalLayout>
                        <VerticalLayout height="30" padding="0,6,0,0">
                            <Label name="playdevicelabel" text="@UI.PlaybackDeviceLabel" width="85" height="24" padding="40,1,0,0" textcolor="#00FFFFFF" disabledtextcolor="#FFA7A6AA" font="0" align="left" />
                            <Combo name="playdeviceCombo" float="true" pos="170,0,0,0" width="300" height="28" itemtextpadding="8,0,0,0" itemtextcolor="#FFb5b4b4" itemselectedtextcolor="#FFFFFFFF"  itemhottextcolor="#FFFFFFFF" itemdisabledtextcolor="#FFCCCCCC" itemdisabledbkcolor="#FFFFFFFF" itembkimage="file=&apos;combo_itemback.png&apos; source=&apos;0,0,24,24&apos; corner=&apos;4,4,4,4&apos;" itemselectedimage="file=&apos;combo_itemback.png&apos; source=&apos;24,0,48,24&apos; corner=&apos;4,4,4,4&apos;" itemhotimage="file=&apos;combo_itemback.png&apos; source=&apos;24,0,48,24&apos; corner=&apos;4,4,4,4&apos;" normalimage="file=&apos;combo_background.png&apos; source=&apos;0,0,34,28&apos; corner=&apos;4,4,29,4&apos;" hotimage="file=&apos;combo_background.png&apos; source=&apos;34,0,68,28&apos; corner=&apos;4,4,29,4&apos;" pushedimage="file=&apos;combo_background.png&apos; source=&apos;68,0,102,28&apos; corner=&apos;4,4,29,4&apos;" disabledimage="file=&apos;combo_background.png&apos; source=&apos;102,0,136,28&apos; corner=&apos;4,4,29,4&apos;" dropboxsize="0,140" >
                            </Combo>
                        </VerticalLayout>
                        <VerticalLayout height="30" padding="0,6,0,0">
                            <Label name="micphonelabel" text="@UI.MicrophoneLabel" width="85" height="24" padding="40,1,0,0" textcolor="#00FFFFFF" disabledtextcolor="#FFA7A6AA" font="0" align="left" />
                            <Combo name="micphoneCombo" float="true" pos="170,0,0,0" width="300" height="28" itemtextpadding="8,0,0,0" itemtextcolor="#FFb5b4b4" itemselectedtextcolor="#FFFFFFFF"  itemhottextcolor="#FFFFFFFF" itemdisabledtextcolor="#FFCCCCCC" itemdisabledbkcolor="#FFFFFFFF" itembkimage="file=&apos;combo_itemback.png&apos; source=&apos;0,0,24,24&apos; corner=&apos;4,4,4,4&apos;" itemselectedimage="file=&apos;combo_itemback.png&apos; source=&apos;24,0,48,24&apos; corner=&apos;4,4,4,4&apos;" itemhotimage="file=&apos;combo_itemback.png&apos; source=&apos;24,0,48,24&apos; corner=&apos;4,4,4,4&apos;" normalimage="file=&apos;combo_background.png&apos; source=&apos;0,0,34,28&apos; corner=&apos;4,4,29,4&apos;" hotimage="file=&apos;combo_background.png&apos; source=&apos;34,0,68,28&apos; corner=&apos;4,4,29,4&apos;" pushedimage="file=&apos;combo_background.png&apos; source=&apos;68,0,102,28&apos; corner=&apos;4,4,29,4&apos;" disabledimage="file=&apos;combo_background.png&apos; source=&apos;102,0,136,28&apos; corner=&apos;4,4,29,4&apos;" dropboxsize="0,140" >
                            </Combo>
                        </VerticalLayout>
                    </VerticalLayout>
                    <VerticalLayout mouse="false" padding="10,0,0,0" name="propertyTab">
                        <HorizontalLayout width="530" height="28" padding="14,46,0,0">
                            <Label text="@UI.IMEILabel" width="144" height="28" textcolor="#00FFFFFF"  textpadding="26,0,0,0" disabledtextcolor="#FFA7A6AA" font="0" align="left" />
                            <Edit name="imeicodeedit" text="123" width="192" height="28" padding="14,0,0,0" nativebkcolor="#FF133657"  textpadding="10,3,4,3" textcolor="#FFFFFFFF" disabledtextcolor="#FFA7A6AA" font="0" normalimage="file=&apos;edit_bg_2.png&apos; source=&apos;0,0,10,10&apos; corner=&apos;4,4,4,4&apos; mask=&apos;0xffff00ff&apos;" hotimage="file=&apos;edit_bg_2.png&apos; source=&apos;10,0,20,10&apos; corner=&apos;4,4,4,4&apos; mask=&apos;0xffff00ff&apos;" focusedimage="file=&apos;edit_bg_2.png&apos; source=&apos;20,0,30,10&apos; corner=&apos;4,4,4,4&apos;" />
                            <Button name="randomimeibtn" text="@UI.IMEIRandom" height="25" width="50" padding="16,2,0,0" textpadding="12,0,12,0" textcolor="#00FFFFFF" disabledtextcolor="#FFA7A6AA" align="center" normalimage="file=&apos;btn_background_2.png&apos; source=&apos;0,0,10,10&apos; corner=&apos;4,4,4,4&apos; mask=&apos;0xffff00ff&apos;" hotimage="file=&apos;btn_background_2.png&apos; source=&apos;10,0,20,10&apos; corner=&apos;4,4,4,4&apos; mask=&apos;0xffff00ff&apos;" pushedimage="file=&apos;btn_background_2.png&apos; source=&apos;20,0,30,10&apos; corner=&apos;4,4,4,4&apos; mask=&apos;0xffff00ff&apos;" />
                        </HorizontalLayout>
                        <HorizontalLayout width="530" height="28" padding="14,28,0,0">
                            <Label text="@UI.ManufacturerLabel" width="144" height="28" textcolor="#00FFFFFF" textpadding="26,0,0,0" disabledtextcolor="#FFA7A6AA" font="0" align="left" />
                            <Edit name="phonebrandedit" width="192" height="28" padding="14,0,0,0" nativebkcolor="#FF133657" textpadding="10,3,4,3" textcolor="#FFFFFFFF" disabledtextcolor="#FFA7A6AA" font="0" normalimage="file=&apos;edit_bg_2.png&apos; source=&apos;0,0,10,10&apos; corner=&apos;4,4,4,4&apos; mask=&apos;0xffff00ff&apos;" hotimage="file=&apos;edit_bg_2.png&apos; source=&apos;10,0,20,10&apos; corner=&apos;4,4,4,4&apos; mask=&apos;0xffff00ff&apos;" focusedimage="file=&apos;edit_bg_2.png&apos; source=&apos;20,0,30,10&apos; corner=&apos;4,4,4,4&apos;" />
                        </HorizontalLayout>
                        <HorizontalLayout width="530" height="28" padding="14,28,0,0" >
                            <Label text="@UI.ModelLabel" width="140" height="28" textcolor="#00FFFFFF" textpadding="26,0,0,0" disabledtextcolor="#FFA7A6AA" font="0" align="left" />                
                            <Combo name="phoneModelCombo" width="192" height="28" padding="16,0,0,0" itemtextpadding="8,0,0,0" itemtextcolor="#FFb5b4b4" itemselectedtextcolor="#FFFFFFFF" itemselectedbkcolor="#FFC1E3FF" itemhottextcolor="#FFFFFFFF" itemhotbkcolor="#FFE9F5FF" itemdisabledtextcolor="#FFCCCCCC" itemdisabledbkcolor="#FFFFFFFF" itembkimage="file=&apos;combo_itemback.png&apos; source=&apos;0,0,24,24&apos; corner=&apos;4,4,4,4&apos;" itemselectedimage="file=&apos;combo_itemback.png&apos; source=&apos;24,0,48,24&apos; corner=&apos;4,4,4,4&apos;" itemhotimage="file=&apos;combo_itemback.png&apos; source=&apos;24,0,48,24&apos; corner=&apos;4,4,4,4&apos;" normalimage="file=&apos;combo_background_ex.png&apos; source=&apos;0,0,34,28&apos; corner=&apos;4,4,29,4&apos;" hotimage="file=&apos;combo_background_ex.png&apos; source=&apos;34,0,68,28&apos; corner=&apos;4,4,29,4&apos;" pushedimage="file=&apos;combo_background_ex.png&apos; source=&apos;68,0,102,28&apos; corner=&apos;4,4,29,4&apos;" normalEnlargeImage="file=&apos;combo_background_enlarge_ex.png&apos; source=&apos;0,0,51,42&apos; corner=&apos;4,4,41,4&apos;" hotEnlargeImage="file=&apos;combo_background_enlarge_ex.png&apos; source=&apos;51,0,102,42&apos; corner=&apos;4,4,41,4&apos;" pushedEnlargeImage="file=&apos;combo_background_enlarge_ex.png&apos; source=&apos;102,0,153,42&apos; corner=&apos;4,4,41,4&apos;" dropboxsize="150,280">
                                <ListLabelElement text="xiaomi 6" selected="true"/>
                                <ListLabelElement text="google Pixel"/>
                                <ListLabelElement text="xiaomi 8"/>
                                <ListLabelElement text="huawei Honor V9"/>
                                <ListLabelElement text="vivo X9 Plus"/>
                                <ListLabelElement text="oppo R11 Plus"/>
                                <ListLabelElement text="oppo R17 Pro"/>
                                <ListLabelElement text="meizu PRO 7 Plus"/>
                                <ListLabelElement text="meizu PRO 6 Plus"/>
                                <ListLabelElement text="xiaomi mix"/>
                            </Combo>                        
                        </HorizontalLayout>
                        <HorizontalLayout width="530" height="28" padding="14,28,0,0">
                            <Label text="@PhoneNumberLabel" width="144" height="28" textcolor="#00FFFFFF" textpadding="26,0,0,0" disabledtextcolor="#FFA7A6AA" font="0" align="left" />
                            <Edit name="phonenumberedit" text="123" width="192" height="28" padding="14,0,0,0" nativebkcolor="#FF133657" textpadding="10,3,4,3" textcolor="#FFFFFFFF" disabledtextcolor="#FFA7A6AA" font="0" normalimage="file=&apos;edit_bg_2.png&apos; source=&apos;0,0,10,10&apos; corner=&apos;4,4,4,4&apos; mask=&apos;0xffff00ff&apos;" hotimage="file=&apos;edit_bg_2.png&apos; source=&apos;10,0,20,10&apos; corner=&apos;4,4,4,4&apos; mask=&apos;0xffff00ff&apos;" focusedimage="file=&apos;edit_bg_2.png&apos; source=&apos;20,0,30,10&apos; corner=&apos;4,4,4,4&apos;" />              
                        </HorizontalLayout>
                        <VerticalLayout name="highPerformanceUI" width="530" height="90" padding="14,20,0,0">
                            <Label text="@high_performance_phone_label" height="28" width="440" padding="159,0,0,8" textcolor="#FFFFFFFF" showhtml="true" disabledtextcolor="#FFA7A6AA" font="0" align="left" />
                            <HorizontalLayout height="28">
                                <Combo name="highPerformanceCombo" padding="159,2,0,0" width="192" height="28" itemtextpadding="8,0,28,0" itemtextcolor="#FFb5b4b4" itemselectedtextcolor="#FFFFFFFF" itemselectedbkcolor="#FFC1E3FF" itemhottextcolor="#FFFFFFFF" itemhotbkcolor="#FFE9F5FF" itemdisabledtextcolor="#FFCCCCCC" itemdisabledbkcolor="#FFFFFFFF" itembkimage="file=&apos;combo_itemback.png&apos; source=&apos;0,0,24,24&apos; corner=&apos;4,4,4,4&apos;"  itemhotimage="file=&apos;combo_itemback.png&apos; source=&apos;24,0,48,24&apos; corner=&apos;4,4,4,4&apos;" normalimage="file=&apos;combo_background.png&apos; source=&apos;0,0,34,28&apos; corner=&apos;4,4,29,4&apos;" hotimage="file=&apos;combo_background.png&apos; source=&apos;34,0,68,28&apos; corner=&apos;4,4,29,4&apos;" pushedimage="file=&apos;combo_background.png&apos; source=&apos;68,0,102,28&apos; corner=&apos;4,4,29,4&apos;" focusedimage="file=&apos;combo_dropbtn.png&apos; source=&apos;44,0,66,22&apos;" dropboxsize="0,140">
                                    <ListLabelElement text="@high_performance_phone_sgame" selected="true"/>
                                    <ListLabelElement text="@high_performance_phone_pubg"/>
                                    <ListLabelElement text="@high_performance_phone_black_desert"/>
                                </Combo>
                                <Button name="highPerformancePhoneBtn" text="@high_performance_phone_button" padding="14,2,0,0" showhtml="true" height="25" width="100" textpadding="20,0,20,0" textcolor="#FFFFFFFF" hottextcolor="#FFFFFFFF" disabledtextcolor="#FFA7A6AA"  align="center" normalimage="file=&apos;btn_background_2.png&apos; source=&apos;0,0,10,10&apos; corner=&apos;4,4,4,4&apos; mask=&apos;0xffff00ff&apos;" hotimage="file=&apos;btn_background_2.png&apos; source=&apos;10,0,20,10&apos; corner=&apos;4,4,4,4&apos; mask=&apos;0xffff00ff&apos;" pushedimage="file=&apos;btn_background_2.png&apos; source=&apos;20,0,30,10&apos; corner=&apos;4,4,4,4&apos; mask=&apos;0xffff00ff&apos;"/>
                            </HorizontalLayout>
                        </VerticalLayout>
                    </VerticalLayout>
                    <VerticalLayout padding="74,20,50,0" vscrollbar="true" hscrollbar="true" name="gamesTab">
                        <Label text="@UI.PUBGM.Title" height="30" padding="0,20,0,0" font="1" textcolor="#FFFFFFFF"/>
                        <Label text="@UI.PUBGM.Resolution" padding="20,10,0,0" height="20" font="1" textcolor="#FFFFFFFF" showhtml="true"/>
                        <Option name="pubgm_global_scale_auto" group="pubg_mobile_scale" width="308" height="18" padding="40,14,0,0" text="@UI.PUBGM.Auto"  showhtml="true" textpadding="24,0,0,0" textcolor="#00FFFFFF" align="left" disabledtextcolor="#FFA7A6AA"  normalimage="file=&apos;radio_unselected.png&apos;  dest=&apos;0,0,18,18&apos; source=&apos;0,0,18,18&apos; corner=&apos;4,4,4,4&apos; mask=&apos;0xffff00ff&apos;" hotimage="file=&apos;radio_unselected.png&apos; dest=&apos;0,0,18,18&apos;  source=&apos;18,0,36,18&apos; corner=&apos;4,4,4,4&apos; mask=&apos;0xffff00ff&apos;" hottextcolor="#FFFFFFFF" selectedimage="file=&apos;radio_selected.png&apos;  dest=&apos;0,0,18,18&apos; source=&apos;0,0,18,18&apos; corner=&apos;4,4,4,4&apos; mask=&apos;0xffff00ff&apos;" selectedhotimage="file=&apos;radio_selected.png&apos; dest=&apos;0,0,18,18&apos;  source=&apos;18,0,36,18&apos; corner=&apos;4,4,4,4&apos; mask=&apos;0xffff00ff&apos;" />
                        <Option name="pubgm_global_scale_0" group="pubg_mobile_scale" width="308" height="18" padding="40,14,0,0" text="@UI.PUBGM.Resolution.720P"  showhtml="true" textpadding="24,0,0,0" textcolor="#00FFFFFF" align="left" disabledtextcolor="#FFA7A6AA"  normalimage="file=&apos;radio_unselected.png&apos;  dest=&apos;0,0,18,18&apos; source=&apos;0,0,18,18&apos; corner=&apos;4,4,4,4&apos; mask=&apos;0xffff00ff&apos;" hotimage="file=&apos;radio_unselected.png&apos; dest=&apos;0,0,18,18&apos;  source=&apos;18,0,36,18&apos; corner=&apos;4,4,4,4&apos; mask=&apos;0xffff00ff&apos;" hottextcolor="#FFFFFFFF" selectedimage="file=&apos;radio_selected.png&apos;  dest=&apos;0,0,18,18&apos; source=&apos;0,0,18,18&apos; corner=&apos;4,4,4,4&apos; mask=&apos;0xffff00ff&apos;" selectedhotimage="file=&apos;radio_selected.png&apos; dest=&apos;0,0,18,18&apos;  source=&apos;18,0,36,18&apos; corner=&apos;4,4,4,4&apos; mask=&apos;0xffff00ff&apos;" />
                        <Option name="pubgm_global_scale_1" group="pubg_mobile_scale" width="308" height="18" padding="40,14,0,0" text="@UI.PUBGM.Resolution.1080P"  showhtml="true" textpadding="24,0,0,0" textcolor="#00FFFFFF" align="left" disabledtextcolor="#FFA7A6AA" normalimage="file=&apos;radio_unselected.png&apos;  dest=&apos;0,0,18,18&apos; source=&apos;0,0,18,18&apos; corner=&apos;4,4,4,4&apos; mask=&apos;0xffff00ff&apos;" hotimage="file=&apos;radio_unselected.png&apos; dest=&apos;0,0,18,18&apos;  source=&apos;18,0,36,18&apos; corner=&apos;4,4,4,4&apos; mask=&apos;0xffff00ff&apos;" hottextcolor="#FFFFFFFF" selectedimage="file=&apos;radio_selected.png&apos;  dest=&apos;0,0,18,18&apos; source=&apos;0,0,18,18&apos; corner=&apos;4,4,4,4&apos; mask=&apos;0xffff00ff&apos;" selectedhotimage="file=&apos;radio_selected.png&apos; dest=&apos;0,0,18,18&apos;  source=&apos;18,0,36,18&apos; corner=&apos;4,4,4,4&apos; mask=&apos;0xffff00ff&apos;"  />
                        <Option name="pubgm_global_scale_2" group="pubg_mobile_scale" width="308" height="18" padding="40,14,0,0" text="@UI.PUBGM.Resolution.2K"  showhtml="true" textpadding="24,0,0,0" textcolor="#00FFFFFF" align="left" disabledtextcolor="#FFA7A6AA"  normalimage="file=&apos;radio_unselected.png&apos;  dest=&apos;0,0,18,18&apos; source=&apos;0,0,18,18&apos; corner=&apos;4,4,4,4&apos; mask=&apos;0xffff00ff&apos;" hotimage="file=&apos;radio_unselected.png&apos; dest=&apos;0,0,18,18&apos;  source=&apos;18,0,36,18&apos; corner=&apos;4,4,4,4&apos; mask=&apos;0xffff00ff&apos;" hottextcolor="#FFFFFFFF" selectedimage="file=&apos;radio_selected.png&apos;  dest=&apos;0,0,18,18&apos; source=&apos;0,0,18,18&apos; corner=&apos;4,4,4,4&apos; mask=&apos;0xffff00ff&apos;" selectedhotimage="file=&apos;radio_selected.png&apos; dest=&apos;0,0,18,18&apos;  source=&apos;18,0,36,18&apos; corner=&apos;4,4,4,4&apos; mask=&apos;0xffff00ff&apos;"  />         

                        <Label text="@UI.PUBGM.RenderQuality" padding="20,10,0,0" height="20" font="1" textcolor="#FFFFFFFF" showhtml="true"/>
                        <Option name="pubgm_global_quality_auto" group="pubgm_global_quality" width="308" height="18" padding="40,14,0,0" text="@UI.PUBGM.Auto"  showhtml="true" textpadding="24,0,0,0" textcolor="#00FFFFFF" align="left" disabledtextcolor="#FFA7A6AA"  normalimage="file=&apos;radio_unselected.png&apos;  dest=&apos;0,0,18,18&apos; source=&apos;0,0,18,18&apos; corner=&apos;4,4,4,4&apos; mask=&apos;0xffff00ff&apos;" hotimage="file=&apos;radio_unselected.png&apos; dest=&apos;0,0,18,18&apos;  source=&apos;18,0,36,18&apos; corner=&apos;4,4,4,4&apos; mask=&apos;0xffff00ff&apos;" hottextcolor="#FFFFFFFF" selectedimage="file=&apos;radio_selected.png&apos;  dest=&apos;0,0,18,18&apos; source=&apos;0,0,18,18&apos; corner=&apos;4,4,4,4&apos; mask=&apos;0xffff00ff&apos;" selectedhotimage="file=&apos;radio_selected.png&apos; dest=&apos;0,0,18,18&apos;  source=&apos;18,0,36,18&apos; corner=&apos;4,4,4,4&apos; mask=&apos;0xffff00ff&apos;" />
                        <Option name="pubgm_global_quality_0" group="pubgm_global_quality" width="308" height="18" padding="40,14,0,0" text="@UI.PUBGM.RenderQuality.Normal"  showhtml="true" textpadding="24,0,0,0" textcolor="#00FFFFFF" align="left" disabledtextcolor="#FFA7A6AA"  normalimage="file=&apos;radio_unselected.png&apos;  dest=&apos;0,0,18,18&apos; source=&apos;0,0,18,18&apos; corner=&apos;4,4,4,4&apos; mask=&apos;0xffff00ff&apos;" hotimage="file=&apos;radio_unselected.png&apos; dest=&apos;0,0,18,18&apos;  source=&apos;18,0,36,18&apos; corner=&apos;4,4,4,4&apos; mask=&apos;0xffff00ff&apos;" hottextcolor="#FFFFFFFF" selectedimage="file=&apos;radio_selected.png&apos;  dest=&apos;0,0,18,18&apos; source=&apos;0,0,18,18&apos; corner=&apos;4,4,4,4&apos; mask=&apos;0xffff00ff&apos;" selectedhotimage="file=&apos;radio_selected.png&apos; dest=&apos;0,0,18,18&apos;  source=&apos;18,0,36,18&apos; corner=&apos;4,4,4,4&apos; mask=&apos;0xffff00ff&apos;" />
                        <Option name="pubgm_global_quality_1" group="pubgm_global_quality" width="308" height="18" padding="40,14,0,0" text="@UI.PUBGM.RenderQuality.Middle"  showhtml="true" textpadding="24,0,0,0" textcolor="#00FFFFFF" align="left" disabledtextcolor="#FFA7A6AA" normalimage="file=&apos;radio_unselected.png&apos;  dest=&apos;0,0,18,18&apos; source=&apos;0,0,18,18&apos; corner=&apos;4,4,4,4&apos; mask=&apos;0xffff00ff&apos;" hotimage="file=&apos;radio_unselected.png&apos; dest=&apos;0,0,18,18&apos;  source=&apos;18,0,36,18&apos; corner=&apos;4,4,4,4&apos; mask=&apos;0xffff00ff&apos;" hottextcolor="#FFFFFFFF" selectedimage="file=&apos;radio_selected.png&apos;  dest=&apos;0,0,18,18&apos; source=&apos;0,0,18,18&apos; corner=&apos;4,4,4,4&apos; mask=&apos;0xffff00ff&apos;" selectedhotimage="file=&apos;radio_selected.png&apos; dest=&apos;0,0,18,18&apos;  source=&apos;18,0,36,18&apos; corner=&apos;4,4,4,4&apos; mask=&apos;0xffff00ff&apos;"  />
                        <Option name="pubgm_global_quality_2" group="pubgm_global_quality" width="308" height="18" padding="40,14,0,0" text="@UI.PUBGM.RenderQuality.High"  showhtml="true" textpadding="24,0,0,0" textcolor="#00FFFFFF" align="left" disabledtextcolor="#FFA7A6AA"  normalimage="file=&apos;radio_unselected.png&apos;  dest=&apos;0,0,18,18&apos; source=&apos;0,0,18,18&apos; corner=&apos;4,4,4,4&apos; mask=&apos;0xffff00ff&apos;" hotimage="file=&apos;radio_unselected.png&apos; dest=&apos;0,0,18,18&apos;  source=&apos;18,0,36,18&apos; corner=&apos;4,4,4,4&apos; mask=&apos;0xffff00ff&apos;" hottextcolor="#FFFFFFFF" selectedimage="file=&apos;radio_selected.png&apos;  dest=&apos;0,0,18,18&apos; source=&apos;0,0,18,18&apos; corner=&apos;4,4,4,4&apos; mask=&apos;0xffff00ff&apos;" selectedhotimage="file=&apos;radio_selected.png&apos; dest=&apos;0,0,18,18&apos;  source=&apos;18,0,36,18&apos; corner=&apos;4,4,4,4&apos; mask=&apos;0xffff00ff&apos;"  />        
                    </VerticalLayout>
                </TabLayout>
                <HorizontalLayout width="530" height="50" >
                    <Control />
                    <Button name="savebtn" text="@UI.SettingCenter.SaveBtn" height="30" width="90" textcolor="#FFFEFEFE" disabledtextcolor="#FFA7A6AA"  align="center" normalimage="file='gaga\save_normal_btn.png'" hotimage="file='gaga\save_light_btn.png'" pushedimage="file='gaga\save_pressed_btn.png'" />
                    <Button name="cancelbtn" text="@UI.SettingCenter.CancelBtn" height="30" width="90" padding="20,0,20,0" textcolor="#FFFEFEFE" disabledtextcolor="#FFA7A6AA"  align="center" normalimage="file='gaga\cancel_normal_btn.png'" hotimage="file='gaga\cancel_light_btn.png'" pushedimage="file='gaga\cancel_pressed_btn'" />
                </HorizontalLayout>
            </VerticalLayout>
                </HorizontalLayout>
    </VerticalLayout>
</Window>
