<?xml version="1.0" encoding="utf-8" standalone="yes" ?>
<Window size="1000,750" mininfo="360,250" caption="0,0,0,50" sizebox="4,4,6,6">
    <Font id="0" name="微软雅黑" size="12" bold="false" italic="false" />
    <Font id="1" name="微软雅黑" size="14" bold="false" italic="false" />
    <Font id="2" name="微软雅黑" size="16" bold="false" italic="false" />
	<Font id="3" name="微软雅黑" size="18" bold="false" italic="false" />
    <VerticalLayout bkcolor="#FF262a38" >
        <HorizontalLayout height="40" bkcolor="#FF171a21">
            <Label name="titlelabel" text="Share" width="164" textpadding="16,0,0,0" textcolor="#FFFEFFFF" disabledtextcolor="#FFA7A6AA" font="2" showhtml="true" />
            <Control />
			<Button name="closebtn" tooltip="@close_tip" width="24" height="24" padding="0,8,5,0" textcolor="#FF000000" disabledtextcolor="#FFA7A6AA" align="center" normalimage="file=&apos;gaga\title_close_btn.png&apos; source=&apos;0,0,24,24&apos; mask=&apos;0xffff00ff&apos;" hotimage="file=&apos;gaga\title_close_btn.png&apos; source=&apos;24,0,48,24&apos;" pushedimage="file=&apos;gaga\title_close_btn.png&apos; source=&apos;48,0,72,24&apos;" />

        </HorizontalLayout>
        <VerticalLayout bordersize="3" bordercolor="0xFF242633">
			<WebBrowser name="ie" delaycreate="false" padding="3,3,3,3"/>
        </VerticalLayout>
    </VerticalLayout>
</Window>