<?xml version="1.0" encoding="utf-8" standalone="yes" ?>
<Window size="410,226" caption="0,0,0,40"> 
    <Font id="0" name="微软雅黑" size="12" bold="false" italic="false" />
    <Font id="1" name="微软雅黑" size="14" bold="false" italic="false" />
    <Font id="2" name="微软雅黑" size="16" bold="false" italic="false" />
    <Font id="3" name="微软雅黑" size="20" bold="false" italic="false" />
	<Default name="VScrollBar" shared="true" value="button1normalimage=&quot;file='scrollbar.png' source='0,90,16,106' mask='#FFFF00FF'&quot; button1hotimage=&quot;file='scrollbar.png' source='18,90,34,106' mask='#FFFF00FF'&quot; button1pushedimage=&quot;file='scrollbar.png' source='36,90,52,106' mask='#FFFF00FF'&quot; button1disabledimage=&quot;file='scrollbar.png' source='54,90,70,106' mask='#FFFF00FF'&quot; button2normalimage=&quot;file='scrollbar.png' source='0,108,16,124' mask='#FFFF00FF'&quot; button2hotimage=&quot;file='scrollbar.png' source='18,108,34,124' mask='#FFFF00FF'&quot; button2pushedimage=&quot;file='scrollbar.png' source='36,108,52,124' mask='#FFFF00FF'&quot; button2disabledimage=&quot;file='scrollbar.png' source='54,108,70,124' mask='#FFFF00FF'&quot; thumbnormalimage=&quot;file='scrollbar.png' source='0,126,16,142' corner='2,2,2,2' mask='#FFFF00FF'&quot; thumbhotimage=&quot;file='scrollbar.png' source='18,126,34,142' corner='2,2,2,2' mask='#FFFF00FF'&quot; thumbpushedimage=&quot;file='scrollbar.png' source='36,126,52,142' corner='2,2,2,2' mask='#FFFF00FF'&quot; thumbdisabledimage=&quot;file='scrollbar.png' source='54,126,70,142' corner='2,2,2,2' mask='#FFFF00FF'&quot; railnormalimage=&quot;file='scrollbar.png' source='0,144,16,160' corner='2,2,2,2' mask='#FFFF00FF'&quot; railhotimage=&quot;file='scrollbar.png' source='18,144,34,160' corner='2,2,2,2' mask='#FFFF00FF'&quot; railpushedimage=&quot;file='scrollbar.png' source='36,144,52,160' corner='2,2,2,2' mask='#FFFF00FF'&quot; raildisabledimage=&quot;file='scrollbar.png' source='54,144,70,160' corner='2,2,2,2' mask='#FFFF00FF'&quot; bknormalimage=&quot;file='scrollbar.png' source='0,162,16,178' corner='2,2,2,2' mask='#FFFF00FF'&quot; bkhotimage=&quot;file='scrollbar.png' source='18,162,34,178' corner='2,2,2,2' mask='#FFFF00FF'&quot; bkpushedimage=&quot;file='scrollbar.png' source='36,162,52,178' corner='2,2,2,2' mask='#FFFF00FF'&quot; bkdisabledimage=&quot;file='scrollbar.png' source='54,162,70,178' corner='2,2,2,2' mask='#FFFF00FF'&quot; " />
	<Default name="HScrollBar" shared="true" value="button1normalimage=&quot;file='scrollbar.png' source='0,0,16,16' mask='#FFFF00FF'&quot; button1hotimage=&quot;file='scrollbar.png' source='18,0,34,16' mask='#FFFF00FF'&quot; button1pushedimage=&quot;file='scrollbar.png' source='36,0,52,16' mask='#FFFF00FF'&quot; button1disabledimage=&quot;file='scrollbar.png' source='54,0,70,16' mask='#FFFF00FF'&quot; button2normalimage=&quot;file='scrollbar.png' source='0,18,16,34' mask='#FFFF00FF'&quot; button2hotimage=&quot;file='scrollbar.png' source='18,18,34,34' mask='#FFFF00FF'&quot; button2pushedimage=&quot;file='scrollbar.png' source='36,18,52,34' mask='#FFFF00FF'&quot; button2disabledimage=&quot;file='scrollbar.png' source='54,18,70,34' mask='#FFFF00FF'&quot; thumbnormalimage=&quot;file='scrollbar.png' source='0,36,16,52' corner='2,2,2,2' mask='#FFFF00FF'&quot; thumbhotimage=&quot;file='scrollbar.png' source='18,36,34,52' corner='2,2,2,2' mask='#FFFF00FF'&quot; thumbpushedimage=&quot;file='scrollbar.png' source='36,36,52,52' corner='2,2,2,2' mask='#FFFF00FF'&quot; thumbdisabledimage=&quot;file='scrollbar.png' source='54,36,70,52' corner='2,2,2,2' mask='#FFFF00FF'&quot; railnormalimage=&quot;file='scrollbar.png' source='0,54,16,70' corner='2,2,2,2' mask='#FFFF00FF'&quot; railhotimage=&quot;file='scrollbar.png' source='18,54,34,70' corner='2,2,2,2' mask='#FFFF00FF'&quot; railpushedimage=&quot;file='scrollbar.png' source='36,54,52,70' corner='2,2,2,2' mask='#FFFF00FF'&quot; raildisabledimage=&quot;file='scrollbar.png' source='54,54,70,70' corner='2,2,2,2' mask='#FFFF00FF'&quot; bknormalimage=&quot;file='scrollbar.png' source='0,72,16,88' corner='2,2,2,2' mask='#FFFF00FF'&quot; bkhotimage=&quot;file='scrollbar.png' source='18,72,34,88' corner='2,2,2,2' mask='#FFFF00FF'&quot; bkpushedimage=&quot;file='scrollbar.png' source='36,72,52,88' corner='2,2,2,2' mask='#FFFF00FF'&quot; bkdisabledimage=&quot;file='scrollbar.png' source='54,72,70,88' corner='2,2,2,2' mask='#FFFF00FF'&quot; " />
    <VerticalLayout bkcolor="#FF353f50">
      <HorizontalLayout height="40" bkcolor="#FF191F29">
          <Label name="titlelabel" text="@UI.Feedback" width="164" textpadding="16,0,0,0" textcolor="#FFFEFFFF" disabledtextcolor="#FFA7A6AA" font="2" showhtml="true" />
          <Control />
          <Button name="closebtn" padding="0,3,4,0" width="34" height="34" align="center" normalimage="file=&apos;title_close_btn_s.png&apos; source=&apos;0,0,34,34&apos; mask=&apos;0xffff00ff&apos;" hotimage="file=&apos;title_close_btn_s.png&apos; source=&apos;34,0,68,34&apos;" pushedimage="file=&apos;title_close_btn_s.png&apos; source=&apos;68,0,102,34&apos;" />
      </HorizontalLayout>
      <HorizontalLayout height="120" >
          <RichEdit name="reportedit" vscrollbar="true" multiline="true" autovscroll="true" shared="true" text="" transparent="false" textpadding="2,0,0,0" font="1" padding="2,0,2,0" multiline="true" disabledtextcolor="#FFFFFFFF" enabled="true" align="left" bkcolor="#FFFFFFFF" endellipsis="true"/>
      </HorizontalLayout>
      <HorizontalLayout>
          <Button name="confirmbtn" text="@UI.Report" width="92" height="32" padding="159,20,0,0" font="1" align="center" textcolor="#FFFEFEFE" normalimage="file='gaga\save_normal_btn.png'" hotimage="file='gaga\save_light_btn.png'" pushedimage="file='gaga\save_pressed_btn.png'" />
      </HorizontalLayout>
    </VerticalLayout>
</Window>
